No.,Link,Title,Location
1,http://kr.indeed.com/viewjob?jk=c034b580b7bb67e9,2020년도 1차 국가보안기술연구소 NCS기반 정규직·무기계약직,대전 유성구
2,http://kr.indeed.com/viewjob?jk=518f85bf2e48adb9,"데이터 분석 및 컨설팅 분야 (Python, SAS, 빅데이터-신입,경력...",서울 서초구
3,http://kr.indeed.com/viewjob?jk=375b9893c3001c55,"Python, C·C++ 가능한 영상처리/비젼 개발자 정규직",성남 수정구
4,http://kr.indeed.com/viewjob?jk=d2df92c32bd4a203,Software Engineer,서울
5,http://kr.indeed.com/viewjob?jk=92bd400e3b5306ba,[Search & Clova] Clova AI 인재,대한민국
6,http://kr.indeed.com/viewjob?jk=73c72e5ae3e6cbc2,"기술연구소 정규직 연력(Java, C++, Python, 기타)",서울 송파구
7,http://kr.indeed.com/viewjob?jk=a358a39da5dfc360,[NAVERxLINE] Global Ad Data Engineer/AI...,대한민국
8,http://kr.indeed.com/viewjob?jk=6e86e9573ba0a69c,"프로그래머 (WEB 프로그래밍, PHP, javascript, pytho...",대전 중구
9,http://kr.indeed.com/viewjob?jk=54b6e2334e44fa8c,2020년 상반기 신입/경력/인턴 수시,경기도 이천
10,http://kr.indeed.com/viewjob?jk=5f3b79e296cc1765,System Engineer,성남 분당구
11,http://kr.indeed.com/viewjob?jk=675a57bd6835fd89,정산 및 재무서비스 개발자,성남 분당구
12,http://kr.indeed.com/viewjob?jk=ce6747e77c861c46,Data Scientist,서울
13,http://kr.indeed.com/viewjob?jk=199189698f0d215c,"Python, PHP 외 경력 정규직",서울 강서구
14,http://kr.indeed.com/viewjob?jk=d7a5d7d67068b597,Django + Python 웹개발,서울 가산디지털단지역
15,http://kr.indeed.com/viewjob?jk=fb3aedda32d2843b,백엔드 엔지니어 (e-커머스),서울특별시
16,http://kr.indeed.com/viewjob?jk=af4eba857169ba01,[한국오라클] Data Center Technician (Engineer...,강원도 춘천
17,http://kr.indeed.com/viewjob?jk=fb617eeb80ea6fa9,AI/빅데이터 분야 (인재 Pool),서울
18,http://kr.indeed.com/viewjob?jk=38863766ef858bdf,현대오트론 차량용 반도체/전장SW 전문가 경력 상시,서울 강남구
19,http://kr.indeed.com/viewjob?jk=255dc6b8fa2e41ef,CTO 최고기술책임자,서울 강남구
20,http://kr.indeed.com/viewjob?jk=092d062a6faa7139,데이터 분석가,성남 판교역
21,http://kr.indeed.com/viewjob?jk=1701b26651bb739a,(주)넷타겟 Bio-IT 융합 연구소 AI 연구원,대전 유성구
22,http://kr.indeed.com/viewjob?jk=de6c33bfab4a8e0c,"C#, python 개발자",인천 연수구
23,http://kr.indeed.com/viewjob?jk=5bc622575fee61b8,Data Scientist,서울
24,http://kr.indeed.com/viewjob?jk=0c5605721b0d73ec,데이터 분석가(팀원급),서울
25,http://kr.indeed.com/viewjob?jk=554c2e55cc985488,Data Scientist,서울
26,http://kr.indeed.com/viewjob?jk=b69af385d3f6752c,2020년 상반기 경력사원,경기도
27,http://kr.indeed.com/viewjob?jk=2d20b6f66e2dace1,글로벌 솔루션 기반 데이터 분석가,서울 송파구
28,http://kr.indeed.com/viewjob?jk=eb45c08f4c4a43d8,Data Analyst,서울
29,http://kr.indeed.com/viewjob?jk=e4e36162481db73f,[인턴] RCS(Risk Consulting Services) 본부 Fo...,서울 강남구
30,http://kr.indeed.com/viewjob?jk=752a4b5d63eac97c,Back-end Engineer (Python),서울 강남구
31,http://kr.indeed.com/viewjob?jk=35b027aa25049d45,Support Engineer _ Azure PaaS,서울
32,http://kr.indeed.com/viewjob?jk=898c115c445ae128,Linux Developer,인천
33,http://kr.indeed.com/viewjob?jk=c3c0448a294b2db0,Application Analyst,대전
34,http://kr.indeed.com/viewjob?jk=55a19c92c845685e,Developer / Designer recruit,서울 논현동
35,http://kr.indeed.com/viewjob?jk=55537575b7dd8d87,Physical Implementation Engineer,대한민국
36,http://kr.indeed.com/viewjob?jk=5ebcf81136b8db01,Value문화CoE 데이터 분석/가공 업무 계약직,서울 을지로입구역
37,http://kr.indeed.com/viewjob?jk=c2cf32da4ed35d9b,Korea Structuring Junior,대한민국
38,http://kr.indeed.com/viewjob?jk=25725b3c0e607311,Junior Quant Trader,서울
39,http://kr.indeed.com/viewjob?jk=8e2147693973f86d,네트워크 보안,성남 판교역
40,http://kr.indeed.com/viewjob?jk=ba2167bd68df201a,[R&D] 자동차 배기가스 저감 촉매 기술 및 시스템 연구,대한민국
41,http://kr.indeed.com/viewjob?jk=212ca67d161b7162,2020 Market Data Analyst - Seoul (Korean...,서울
42,http://kr.indeed.com/viewjob?jk=4233609a843b5e96,분석지원팀 - 데이터 분석가,성남 분당구
43,http://kr.indeed.com/viewjob?jk=e65a195da656bcdc,[동영상플랫폼] 연계형 인턴십,대한민국
44,http://kr.indeed.com/viewjob?jk=d4e5e764cf9dcf12,[TmaxData/기술] 제품 QA 신입 및 경력,성남 분당구
45,http://kr.indeed.com/viewjob?jk=f3a14b3f8d9e3e12,네이버 쇼핑검색플랫폼 개발자,대한민국
46,http://kr.indeed.com/viewjob?jk=04d685fc70b67d4e,Linux/Python/PHP/MySQL/백엔드 정규직 경력,용인 보정동
47,http://kr.indeed.com/viewjob?jk=0bce5c7e8c1e521d,[피파온라인4] 테크니컬 아티스트,서울
48,http://kr.indeed.com/viewjob?jk=2695294aea6dc3b6,MongoDB Engineer,성남 판교역
49,http://kr.indeed.com/viewjob?jk=aac8e9355cb855ac,[인재풀] 아티스트,서울
50,http://kr.indeed.com/viewjob?jk=339f16c3c77753a7,Data Science Engineer (LINE AI Services...,성남 서현역
51,http://kr.indeed.com/viewjob?jk=40acc204682e5219,R&D 연구원/ 임베디드시스템 개발자,서울 마포구
52,http://kr.indeed.com/viewjob?jk=3a08c7089343733d,광고팀 - 분석가,성남 분당구
